user_id,assigned_coupon,recency,recent_sessions,active_7d,gross_margin_7d,coupon_cost_7d
1,0,1,9,1,9.73,0.0
2,0,17,1,0,0.0,0.0
3,0,13,1,0,0.0,0.0
4,0,22,3,0,0.0,0.0
5,1,11,0,0,0.0,0.0
6,1,15,5,1,8.54,1.26
7,1,23,4,1,6.18,1.25
8,0,22,2,0,0.0,0.0
9,0,4,8,1,8.84,0.0
10,1,14,0,0,0.0,0.0
11,0,8,8,0,0.0,0.0
12,0,24,6,0,0.0,0.0
13,0,17,5,0,0.0,0.0
14,0,11,0,0,0.0,0.0
15,1,15,7,1,9.41,1.06
16,0,5,2,0,0.0,0.0
17,0,7,0,0,0.0,0.0
18,1,12,3,0,0.0,0.0
19,1,5,5,0,0.0,0.0
20,0,7,0,1,5.39,0.0
21,0,2,1,0,0.0,0.0
22,0,26,1,0,0.0,0.0
23,1,8,6,0,0.0,0.0
24,0,18,5,0,0.0,0.0
25,0,21,5,0,0.0,0.0
26,0,27,2,0,0.0,0.0
27,0,2,10,0,0.0,0.0
28,1,10,6,0,0.0,0.0
29,1,22,0,0,0.0,0.0
30,1,4,9,0,0.0,0.0
31,0,5,8,1,10.27,0.0
32,1,25,10,1,12.73,1.31
33,0,2,5,0,0.0,0.0
34,1,9,9,0,0.0,0.0
35,1,9,7,1,8.8,1.17
36,0,10,0,0,0.0,0.0
37,1,28,2,0,0.0,0.0
38,1,21,0,1,5.12,1.71
39,0,1,10,0,0.0,0.0
40,0,9,5,1,6.54,0.0
41,0,30,0,0,0.0,0.0
42,0,4,2,0,0.0,0.0
43,0,25,6,1,7.55,0.0
44,1,2,0,0,0.0,0.0
45,0,18,1,0,0.0,0.0
46,1,16,7,1,10.13,1.47
47,1,25,3,0,0.0,0.0
48,1,17,4,0,0.0,0.0
49,1,17,9,0,0.0,0.0
50,1,3,1,0,0.0,0.0
51,1,2,4,0,0.0,0.0
52,0,11,2,1,5.24,0.0
53,0,14,9,0,0.0,0.0
54,1,5,6,0,0.0,0.0
55,1,4,6,1,8.17,1.26
56,1,15,6,1,8.08,1.28
57,0,30,7,1,9.01,0.0
58,1,25,0,0,0.0,0.0
59,1,21,4,0,0.0,0.0
60,0,29,5,0,0.0,0.0
61,1,3,1,0,0.0,0.0
62,1,8,10,1,12.65,1.11
63,1,24,4,1,6.56,1.26
64,0,24,1,0,0.0,0.0
65,1,3,2,1,6.36,1.1
66,1,10,2,0,0.0,0.0
67,1,27,9,0,0.0,0.0
68,0,16,4,0,0.0,0.0
69,1,14,8,1,8.98,1.71
70,0,7,0,0,0.0,0.0
71,0,30,9,0,0.0,0.0
72,0,8,9,0,0.0,0.0
73,0,15,8,1,9.44,0.0
74,0,27,8,0,0.0,0.0
75,0,16,5,0,0.0,0.0
76,1,22,5,0,0.0,0.0
77,0,11,1,0,0.0,0.0
78,1,23,5,1,8.64,1.36
79,0,25,5,0,0.0,0.0
80,1,25,4,0,0.0,0.0
81,0,11,4,0,0.0,0.0
82,0,8,3,1,8.03,0.0
83,0,11,3,0,0.0,0.0
84,1,6,5,0,0.0,0.0
85,0,9,7,0,0.0,0.0
86,1,5,10,1,10.61,1.59
87,0,2,8,1,9.75,0.0
88,1,21,2,0,0.0,0.0
89,1,28,8,0,0.0,0.0
90,1,8,9,1,11.61,1.29
91,0,29,10,0,0.0,0.0
92,0,26,0,1,4.73,0.0
93,0,11,1,0,0.0,0.0
94,1,7,9,1,9.76,1.17
95,1,20,10,0,0.0,0.0
96,0,13,3,0,0.0,0.0
97,1,7,3,0,0.0,0.0
98,0,28,7,0,0.0,0.0
99,1,17,10,1,12.08,1.4
100,1,30,6,1,8.36,1.22
101,0,26,2,0,0.0,0.0
102,0,7,8,1,11.11,0.0
103,0,5,4,0,0.0,0.0
104,1,7,4,1,8.05,1.32
105,1,16,8,0,0.0,0.0
106,1,19,9,1,11.76,1.21
107,0,19,9,0,0.0,0.0
108,0,18,0,0,0.0,0.0
109,0,3,6,0,0.0,0.0
110,1,22,5,1,8.08,1.03
111,0,6,4,0,0.0,0.0
112,1,17,3,0,0.0,0.0
113,0,25,1,0,0.0,0.0
114,0,26,5,0,0.0,0.0
115,0,10,10,1,12.75,0.0
116,0,1,8,1,9.34,0.0
117,1,7,0,0,0.0,0.0
118,0,15,1,0,0.0,0.0
119,1,10,0,0,0.0,0.0
120,0,11,9,0,0.0,0.0
121,0,5,1,0,0.0,0.0
122,0,24,3,0,0.0,0.0
123,0,22,3,0,0.0,0.0
124,1,28,1,0,0.0,0.0
125,1,16,0,0,0.0,0.0
126,1,10,0,1,4.21,1.63
127,1,18,2,0,0.0,0.0
128,1,17,4,0,0.0,0.0
129,0,11,9,0,0.0,0.0
130,0,21,5,0,0.0,0.0
131,0,7,3,0,0.0,0.0
132,0,17,5,0,0.0,0.0
133,1,8,9,0,0.0,0.0
134,0,16,2,0,0.0,0.0
135,1,5,9,0,0.0,0.0
136,0,29,10,1,11.62,0.0
137,1,14,5,0,0.0,0.0
138,0,24,5,1,7.03,0.0
139,0,13,3,0,0.0,0.0
140,0,13,9,0,0.0,0.0
141,1,29,3,0,0.0,0.0
142,0,7,1,0,0.0,0.0
143,0,2,8,1,11.28,0.0
144,1,13,4,1,8.13,1.75
145,1,29,2,0,0.0,0.0
146,1,16,7,0,0.0,0.0
147,0,18,2,1,6.95,0.0
148,1,23,6,1,9.79,1.74
149,0,18,0,1,4.89,0.0
150,1,1,0,0,0.0,0.0
151,0,17,8,0,0.0,0.0
152,0,17,4,0,0.0,0.0
153,0,23,9,0,0.0,0.0
154,1,20,6,0,0.0,0.0
155,0,30,3,1,7.64,0.0
156,1,14,7,0,0.0,0.0
157,1,27,8,1,9.85,1.12
158,0,13,10,0,0.0,0.0
159,0,2,3,0,0.0,0.0
160,1,12,4,0,0.0,0.0
161,0,3,7,0,0.0,0.0
162,0,25,9,0,0.0,0.0
163,1,27,9,0,0.0,0.0
164,1,14,4,0,0.0,0.0
165,1,5,3,0,0.0,0.0
166,0,12,4,0,0.0,0.0
167,1,29,10,0,0.0,0.0
168,1,6,0,0,0.0,0.0
169,1,24,10,0,0.0,0.0
170,0,9,5,1,6.98,0.0
171,1,29,3,1,6.65,1.19
172,0,30,0,0,0.0,0.0
173,0,1,7,1,7.94,0.0
174,0,30,2,0,0.0,0.0
175,1,22,5,1,7.14,1.43
176,0,13,0,0,0.0,0.0
177,0,23,0,0,0.0,0.0
178,1,14,10,1,11.08,1.44
179,1,4,5,0,0.0,0.0
180,0,1,9,0,0.0,0.0
181,0,7,2,1,5.29,0.0
182,1,30,9,1,9.44,1.44
183,1,7,4,0,0.0,0.0
184,0,23,0,0,0.0,0.0
185,0,9,9,0,0.0,0.0
186,0,13,10,1,10.44,0.0
187,1,26,4,1,7.94,1.59
188,0,11,8,1,10.36,0.0
189,0,18,10,0,0.0,0.0
190,1,13,1,0,0.0,0.0
191,0,19,9,0,0.0,0.0
192,1,16,6,1,7.57,1.38
193,1,26,10,1,10.8,1.12
194,1,20,9,0,0.0,0.0
195,0,7,1,0,0.0,0.0
196,0,14,9,1,12.29,0.0
197,0,15,6,1,7.73,0.0
198,0,19,4,0,0.0,0.0
199,0,14,2,1,5.09,0.0
200,0,7,2,0,0.0,0.0
201,0,5,9,0,0.0,0.0
202,0,8,3,0,0.0,0.0
203,1,3,3,0,0.0,0.0
204,0,25,5,1,7.49,0.0
205,1,28,9,1,11.49,1.29
206,1,27,5,0,0.0,0.0
207,1,21,2,0,0.0,0.0
208,1,12,0,0,0.0,0.0
209,0,12,6,0,0.0,0.0
210,1,12,2,0,0.0,0.0
211,1,30,6,0,0.0,0.0
212,0,20,6,0,0.0,0.0
213,1,13,9,0,0.0,0.0
214,1,14,0,0,0.0,0.0
215,1,5,10,0,0.0,0.0
216,0,6,1,0,0.0,0.0
217,1,2,5,1,7.17,1.12
218,1,14,2,0,0.0,0.0
219,0,14,2,0,0.0,0.0
220,0,5,10,0,0.0,0.0
221,1,9,8,1,9.93,1.21
222,0,11,4,0,0.0,0.0
223,0,24,10,0,0.0,0.0
224,1,14,7,0,0.0,0.0
225,1,27,1,1,6.15,1.77
226,0,6,6,0,0.0,0.0
227,0,19,10,0,0.0,0.0
228,1,10,6,0,0.0,0.0
229,0,17,8,0,0.0,0.0
230,1,23,8,1,9.15,1.27
231,0,4,3,0,0.0,0.0
232,1,20,3,1,6.08,1.07
233,0,16,2,1,4.64,0.0
234,1,13,4,1,6.02,1.56
235,1,21,9,0,0.0,0.0
236,1,25,9,1,11.29,1.09
237,0,25,10,0,0.0,0.0
238,0,28,1,0,0.0,0.0
239,0,30,6,0,0.0,0.0
240,1,10,0,0,0.0,0.0
241,0,17,4,0,0.0,0.0
242,1,20,8,0,0.0,0.0
243,1,16,6,0,0.0,0.0
244,0,16,7,1,9.15,0.0
245,1,28,0,0,0.0,0.0
246,1,29,6,0,0.0,0.0
247,0,9,8,0,0.0,0.0
248,1,17,10,1,10.23,1.79
249,0,13,3,0,0.0,0.0
250,0,2,6,0,0.0,0.0
251,0,17,4,1,8.36,0.0
252,0,11,3,0,0.0,0.0
253,1,22,3,0,0.0,0.0
254,1,18,10,0,0.0,0.0
255,1,29,7,0,0.0,0.0
256,1,30,10,0,0.0,0.0
257,1,27,1,0,0.0,0.0
258,0,2,5,0,0.0,0.0
259,0,15,2,0,0.0,0.0
260,1,2,8,0,0.0,0.0
261,0,18,7,0,0.0,0.0
262,0,22,6,1,7.39,0.0
263,1,20,5,0,0.0,0.0
264,1,3,9,1,11.32,1.57
265,0,5,8,1,8.62,0.0
266,0,23,3,0,0.0,0.0
267,1,7,6,0,0.0,0.0
268,1,26,6,1,8.54,1.19
269,0,12,8,0,0.0,0.0
270,1,1,5,1,6.55,1.26
271,0,14,10,0,0.0,0.0
272,1,18,0,0,0.0,0.0
273,1,22,7,1,9.69,1.78
274,1,7,10,1,12.14,1.76
275,0,29,0,0,0.0,0.0
276,0,23,0,0,0.0,0.0
277,1,22,7,1,8.25,1.47
278,0,1,8,0,0.0,0.0
279,1,13,7,1,8.05,1.79
280,1,1,0,1,3.77,1.33
281,0,23,2,0,0.0,0.0
282,0,30,0,0,0.0,0.0
283,1,29,3,1,7.55,1.46
284,0,3,8,0,0.0,0.0
285,1,26,10,1,11.76,1.17
286,1,2,5,0,0.0,0.0
287,0,26,0,0,0.0,0.0
288,0,28,10,0,0.0,0.0
289,0,3,8,0,0.0,0.0
290,1,24,0,1,5.34,1.55
291,0,5,8,1,8.83,0.0
292,0,25,1,0,0.0,0.0
293,1,9,8,1,8.77,1.21
294,0,28,4,0,0.0,0.0
295,1,18,4,1,6.27,1.63
296,0,13,7,0,0.0,0.0
297,1,25,10,0,0.0,0.0
298,1,14,9,0,0.0,0.0
299,0,4,1,0,0.0,0.0
300,0,28,9,0,0.0,0.0
301,1,29,5,0,0.0,0.0
302,0,29,3,0,0.0,0.0
303,0,2,5,1,7.97,0.0
304,0,9,2,1,6.8,0.0
305,1,1,5,0,0.0,0.0
306,0,26,2,0,0.0,0.0
307,0,8,6,1,9.89,0.0
308,1,10,0,0,0.0,0.0
309,1,2,5,1,7.72,1.76
310,0,7,9,0,0.0,0.0
311,1,19,9,1,11.2,1.34
312,0,10,5,0,0.0,0.0
313,1,15,8,1,10.09,1.18
314,0,1,3,1,6.79,0.0
315,0,3,9,0,0.0,0.0
316,1,18,7,0,0.0,0.0
317,1,5,2,0,0.0,0.0
318,0,27,0,0,0.0,0.0
319,1,7,2,0,0.0,0.0
320,1,18,7,1,10.45,1.15
321,1,3,1,0,0.0,0.0
322,0,26,8,1,9.15,0.0
323,1,19,1,0,0.0,0.0
324,1,13,1,1,4.15,1.46
325,0,29,5,0,0.0,0.0
326,0,20,9,0,0.0,0.0
327,0,28,2,0,0.0,0.0
328,0,26,5,0,0.0,0.0
329,0,28,8,0,0.0,0.0
330,0,11,3,0,0.0,0.0
331,1,1,8,0,0.0,0.0
332,1,6,3,0,0.0,0.0
333,0,8,7,0,0.0,0.0
334,1,18,2,0,0.0,0.0
335,0,26,3,0,0.0,0.0
336,0,27,2,1,5.84,0.0
337,1,12,2,0,0.0,0.0
338,1,28,0,1,5.98,1.26
339,1,17,4,0,0.0,0.0
340,0,13,10,0,0.0,0.0
341,0,7,0,0,0.0,0.0
342,1,5,7,1,9.0,1.3
343,1,29,1,0,0.0,0.0
344,1,17,7,0,0.0,0.0
345,1,25,1,1,4.49,1.4
346,1,6,8,1,10.06,1.24
347,0,14,0,0,0.0,0.0
348,1,18,4,1,6.19,1.5
349,1,25,5,0,0.0,0.0
350,1,12,9,0,0.0,0.0
351,1,21,1,0,0.0,0.0
352,0,1,4,0,0.0,0.0
353,1,13,8,0,0.0,0.0
354,1,26,10,1,12.9,1.45
355,1,1,3,0,0.0,0.0
356,1,14,10,1,12.29,1.44
357,0,26,4,1,7.41,0.0
358,0,6,3,0,0.0,0.0
359,0,13,2,0,0.0,0.0
360,1,20,3,0,0.0,0.0
361,0,30,2,0,0.0,0.0
362,1,5,8,0,0.0,0.0
363,1,16,8,1,10.7,1.47
364,1,18,5,1,8.21,1.34
365,0,18,6,0,0.0,0.0
366,1,19,6,0,0.0,0.0
367,0,28,10,0,0.0,0.0
368,1,20,6,0,0.0,0.0
369,0,10,9,0,0.0,0.0
370,1,17,4,0,0.0,0.0
371,1,16,9,1,10.02,1.57
372,1,9,3,0,0.0,0.0
373,1,12,8,1,9.12,1.46
374,1,18,3,0,0.0,0.0
375,0,11,2,0,0.0,0.0
376,0,30,8,0,0.0,0.0
377,1,1,8,1,10.2,1.49
378,0,21,0,0,0.0,0.0
379,1,4,6,0,0.0,0.0
380,1,22,9,1,9.31,1.05
381,1,25,7,1,8.29,1.37
382,0,25,0,0,0.0,0.0
383,1,3,6,0,0.0,0.0
384,1,17,4,0,0.0,0.0
385,1,10,0,1,3.49,1.75
386,0,25,1,0,0.0,0.0
387,0,9,7,0,0.0,0.0
388,0,24,10,0,0.0,0.0
389,0,18,10,1,11.28,0.0
390,1,8,7,1,9.45,1.71
391,1,13,2,1,7.08,1.02
392,0,27,4,0,0.0,0.0
393,0,3,10,0,0.0,0.0
394,1,27,10,0,0.0,0.0
395,0,24,0,0,0.0,0.0
396,1,3,2,0,0.0,0.0
397,1,12,8,0,0.0,0.0
398,1,25,5,1,7.3,1.25
399,1,1,3,0,0.0,0.0
400,1,5,7,0,0.0,0.0
401,0,1,0,0,0.0,0.0
402,0,20,3,0,0.0,0.0
403,0,23,4,0,0.0,0.0
404,0,20,4,0,0.0,0.0
405,1,10,8,0,0.0,0.0
406,1,15,7,0,0.0,0.0
407,0,27,2,0,0.0,0.0
408,1,12,10,0,0.0,0.0
409,0,21,0,0,0.0,0.0
410,0,15,9,0,0.0,0.0
411,1,5,8,1,11.12,1.25
412,0,22,1,0,0.0,0.0
413,0,1,6,1,7.7,0.0
414,1,23,6,0,0.0,0.0
415,1,3,8,0,0.0,0.0
416,1,1,6,0,0.0,0.0
417,1,23,0,0,0.0,0.0
418,1,2,4,1,6.18,1.03
419,1,12,3,1,7.43,1.38
420,0,7,7,0,0.0,0.0
421,0,25,8,0,0.0,0.0
422,1,11,8,1,10.15,1.36
423,1,10,4,0,0.0,0.0
424,0,28,7,0,0.0,0.0
425,0,25,10,0,0.0,0.0
426,1,26,8,0,0.0,0.0
427,1,2,4,0,0.0,0.0
428,0,18,6,1,9.54,0.0
429,0,1,6,1,8.32,0.0
430,0,21,9,0,0.0,0.0
431,1,29,10,1,11.39,1.18
432,1,4,9,1,9.93,1.03
433,0,21,7,0,0.0,0.0
434,1,1,3,0,0.0,0.0
435,0,19,3,0,0.0,0.0
436,0,16,9,0,0.0,0.0
437,1,24,8,1,10.27,1.65
438,0,9,8,0,0.0,0.0
439,1,4,6,0,0.0,0.0
440,1,26,6,0,0.0,0.0
441,0,6,8,1,9.44,0.0
442,1,7,6,1,9.34,1.36
443,1,18,4,0,0.0,0.0
444,1,1,6,0,0.0,0.0
445,1,24,6,0,0.0,0.0
446,0,4,9,0,0.0,0.0
447,0,6,8,0,0.0,0.0
448,0,3,6,0,0.0,0.0
449,1,19,0,0,0.0,0.0
450,1,1,6,0,0.0,0.0
451,0,25,9,0,0.0,0.0
452,1,7,9,0,0.0,0.0
453,1,17,7,0,0.0,0.0
454,1,20,4,1,8.68,1.23
455,1,24,9,1,10.73,1.1
456,1,2,7,1,8.45,1.04
457,0,20,7,0,0.0,0.0
458,1,18,9,1,11.38,1.52
459,1,16,4,1,5.96,1.65
460,1,15,6,0,0.0,0.0
461,1,28,1,0,0.0,0.0
462,1,9,3,0,0.0,0.0
463,0,23,3,0,0.0,0.0
464,1,2,1,1,3.99,1.77
465,0,7,5,0,0.0,0.0
466,1,30,10,1,10.61,1.01
467,1,27,1,0,0.0,0.0
468,0,26,7,0,0.0,0.0
469,0,3,1,0,0.0,0.0
470,1,28,0,0,0.0,0.0
471,0,11,0,0,0.0,0.0
472,0,8,8,1,9.0,0.0
473,1,10,0,0,0.0,0.0
474,0,30,3,0,0.0,0.0
475,1,23,9,1,9.5,1.03
476,1,21,1,0,0.0,0.0
477,0,6,9,0,0.0,0.0
478,0,24,10,1,12.48,0.0
479,0,10,2,0,0.0,0.0
480,1,2,3,0,0.0,0.0
481,1,15,3,0,0.0,0.0
482,1,24,4,1,6.8,1.41
483,0,12,6,0,0.0,0.0
484,1,27,9,0,0.0,0.0
485,1,11,2,0,0.0,0.0
486,1,9,10,0,0.0,0.0
487,0,6,8,0,0.0,0.0
488,0,28,6,1,8.65,0.0
489,0,25,7,0,0.0,0.0
490,0,7,2,0,0.0,0.0
491,1,28,1,0,0.0,0.0
492,0,5,1,1,4.31,0.0
493,1,26,9,0,0.0,0.0
494,1,12,2,0,0.0,0.0
495,0,20,5,0,0.0,0.0
496,0,12,4,0,0.0,0.0
497,1,22,9,0,0.0,0.0
498,1,8,7,0,0.0,0.0
499,0,14,0,1,5.33,0.0
500,0,11,0,0,0.0,0.0
501,1,22,10,0,0.0,0.0
502,1,9,5,0,0.0,0.0
503,1,23,0,0,0.0,0.0
504,1,23,7,1,10.76,1.48
505,0,22,8,0,0.0,0.0
506,1,9,2,0,0.0,0.0
507,0,29,7,0,0.0,0.0
508,0,16,3,1,5.58,0.0
509,1,30,10,1,12.2,1.52
510,0,25,3,0,0.0,0.0
511,0,2,6,1,8.99,0.0
512,0,19,3,1,6.03,0.0
513,1,19,5,0,0.0,0.0
514,1,16,1,0,0.0,0.0
515,1,12,9,1,9.87,1.77
516,0,5,3,1,6.75,0.0
517,1,16,4,0,0.0,0.0
518,0,21,3,0,0.0,0.0
519,1,23,10,1,12.34,1.35
520,0,15,1,0,0.0,0.0
521,1,17,0,0,0.0,0.0
522,0,21,0,0,0.0,0.0
523,0,8,4,0,0.0,0.0
524,1,11,2,0,0.0,0.0
525,1,2,10,1,12.32,1.5
526,1,1,10,1,10.98,1.03
527,1,27,2,0,0.0,0.0
528,0,20,0,0,0.0,0.0
529,1,25,2,0,0.0,0.0
530,1,7,10,0,0.0,0.0
531,1,5,6,1,7.6,1.07
532,1,11,6,1,8.39,1.62
533,0,30,1,0,0.0,0.0
534,1,22,0,1,3.18,1.14
535,0,15,0,0,0.0,0.0
536,1,14,5,1,7.87,1.37
537,1,2,6,1,10.06,1.29
538,1,5,7,0,0.0,0.0
539,0,5,6,0,0.0,0.0
540,0,25,5,0,0.0,0.0
541,0,21,8,0,0.0,0.0
542,0,6,7,1,9.55,0.0
543,0,2,3,0,0.0,0.0
544,1,14,7,0,0.0,0.0
545,1,9,4,0,0.0,0.0
546,0,14,9,1,11.92,0.0
547,1,27,3,1,6.37,1.09
548,1,21,3,0,0.0,0.0
549,1,30,7,1,8.34,1.42
550,1,8,6,1,7.24,1.79
551,0,3,7,1,10.78,0.0
552,0,26,2,0,0.0,0.0
553,0,24,2,0,0.0,0.0
554,1,30,1,1,5.56,1.02
555,0,25,1,0,0.0,0.0
556,0,29,6,0,0.0,0.0
557,0,26,5,0,0.0,0.0
558,1,30,0,0,0.0,0.0
559,0,9,2,0,0.0,0.0
560,1,13,4,0,0.0,0.0
561,0,11,9,0,0.0,0.0
562,1,25,6,0,0.0,0.0
563,0,26,3,0,0.0,0.0
564,0,9,1,1,5.15,0.0
565,0,2,3,0,0.0,0.0
566,0,3,6,0,0.0,0.0
567,0,8,7,0,0.0,0.0
568,0,29,1,0,0.0,0.0
569,1,24,5,1,8.64,1.09
570,1,5,3,0,0.0,0.0
571,0,21,8,0,0.0,0.0
572,0,14,8,0,0.0,0.0
573,1,3,0,0,0.0,0.0
574,1,14,3,1,8.09,1.61
575,1,21,10,1,10.94,1.21
576,1,19,6,1,9.66,1.38
577,1,29,8,0,0.0,0.0
578,1,2,8,1,11.28,1.06
579,1,9,0,1,3.36,1.21
580,0,6,4,0,0.0,0.0
581,0,3,3,0,0.0,0.0
582,0,2,1,0,0.0,0.0
583,1,14,7,1,10.79,1.71
584,1,19,6,1,8.43,1.66
585,1,29,1,0,0.0,0.0
586,1,11,6,1,7.94,1.7
587,0,25,2,1,6.35,0.0
588,1,26,10,0,0.0,0.0
589,1,9,2,0,0.0,0.0
590,0,6,9,0,0.0,0.0
591,0,14,6,0,0.0,0.0
592,0,7,4,0,0.0,0.0
593,0,12,0,0,0.0,0.0
594,0,19,6,1,7.6,0.0
595,1,24,8,0,0.0,0.0
596,0,11,8,1,9.99,0.0
597,0,11,1,0,0.0,0.0
598,1,6,3,0,0.0,0.0
599,0,17,5,1,6.59,0.0
600,0,30,7,1,9.21,0.0
601,1,4,5,0,0.0,0.0
602,1,27,7,0,0.0,0.0
603,0,14,8,0,0.0,0.0
604,1,23,0,0,0.0,0.0
605,0,3,6,0,0.0,0.0
606,1,24,6,0,0.0,0.0
607,0,11,7,0,0.0,0.0
608,0,5,8,0,0.0,0.0
609,1,3,9,0,0.0,0.0
610,1,15,0,0,0.0,0.0
611,0,9,5,1,7.44,0.0
612,1,3,9,0,0.0,0.0
613,1,20,0,0,0.0,0.0
614,0,27,1,0,0.0,0.0
615,1,4,0,0,0.0,0.0
616,1,3,8,0,0.0,0.0
617,1,13,7,0,0.0,0.0
618,0,26,8,1,11.22,0.0
619,0,7,8,0,0.0,0.0
620,1,17,0,1,5.79,1.21
621,1,7,7,1,10.27,1.48
622,0,3,0,0,0.0,0.0
623,0,2,10,1,10.16,0.0
624,0,8,4,1,7.79,0.0
625,0,3,0,1,3.65,0.0
626,1,25,7,1,8.51,1.16
627,1,14,5,0,0.0,0.0
628,0,9,8,0,0.0,0.0
629,1,15,4,1,6.71,1.08
630,0,19,3,0,0.0,0.0
631,0,24,3,0,0.0,0.0
632,0,21,4,0,0.0,0.0
633,1,6,4,0,0.0,0.0
634,0,23,8,0,0.0,0.0
635,0,30,1,0,0.0,0.0
636,1,8,1,1,6.47,1.45
637,0,29,0,0,0.0,0.0
638,1,6,6,0,0.0,0.0
639,1,23,4,0,0.0,0.0
640,1,22,10,0,0.0,0.0
641,1,28,9,1,10.73,1.18
642,1,18,0,0,0.0,0.0
643,0,18,4,0,0.0,0.0
644,0,3,10,0,0.0,0.0
645,1,30,2,0,0.0,0.0
646,1,3,4,0,0.0,0.0
647,0,10,9,1,11.45,0.0
648,0,19,7,1,9.9,0.0
649,0,17,7,0,0.0,0.0
650,0,11,9,0,0.0,0.0
651,1,7,4,0,0.0,0.0
652,0,16,3,1,7.85,0.0
653,0,27,3,0,0.0,0.0
654,1,2,5,0,0.0,0.0
655,0,6,5,0,0.0,0.0
656,0,1,8,1,11.43,0.0
657,1,2,7,1,8.67,1.41
658,1,3,1,0,0.0,0.0
659,1,8,7,1,10.18,1.73
660,0,3,10,0,0.0,0.0
661,0,5,8,0,0.0,0.0
662,1,18,7,0,0.0,0.0
663,0,16,4,1,6.16,0.0
664,0,30,0,0,0.0,0.0
665,1,23,10,1,12.34,1.11
666,0,6,10,1,11.89,0.0
667,0,14,9,0,0.0,0.0
668,1,27,9,1,11.52,1.52
669,1,30,1,1,4.67,1.75
670,1,9,2,0,0.0,0.0
671,0,27,8,0,0.0,0.0
672,0,26,2,0,0.0,0.0
673,0,21,7,0,0.0,0.0
674,1,2,3,0,0.0,0.0
675,0,21,1,0,0.0,0.0
676,0,26,7,0,0.0,0.0
677,0,8,1,0,0.0,0.0
678,0,9,3,0,0.0,0.0
679,1,4,5,1,9.39,1.26
680,1,16,0,1,3.12,1.03
681,0,2,1,0,0.0,0.0
682,0,7,3,0,0.0,0.0
683,1,17,8,1,10.36,1.53
684,1,4,0,1,5.9,1.68
685,0,26,5,0,0.0,0.0
686,0,10,4,0,0.0,0.0
687,1,23,8,0,0.0,0.0
688,0,12,3,0,0.0,0.0
689,0,20,8,1,8.62,0.0
690,1,15,10,1,12.25,1.64
691,1,11,8,0,0.0,0.0
692,1,26,0,0,0.0,0.0
693,1,21,3,0,0.0,0.0
694,1,14,1,0,0.0,0.0
695,1,11,5,0,0.0,0.0
696,0,28,10,0,0.0,0.0
697,0,15,5,1,9.46,0.0
698,0,23,1,0,0.0,0.0
699,0,14,9,0,0.0,0.0
700,1,10,8,0,0.0,0.0
701,1,26,0,1,4.7,1.22
702,0,18,10,0,0.0,0.0
703,0,2,9,0,0.0,0.0
704,1,28,7,0,0.0,0.0
705,0,5,1,0,0.0,0.0
706,0,19,2,0,0.0,0.0
707,1,8,3,0,0.0,0.0
708,0,6,6,1,10.08,0.0
709,1,15,10,0,0.0,0.0
710,0,26,1,1,5.66,0.0
711,1,22,1,0,0.0,0.0
712,0,11,8,0,0.0,0.0
713,0,20,1,1,6.01,0.0
714,0,23,0,0,0.0,0.0
715,1,25,2,1,6.84,1.18
716,0,24,10,1,11.08,0.0
717,0,9,7,1,9.1,0.0
718,0,2,3,0,0.0,0.0
719,0,28,3,1,5.77,0.0
720,0,7,3,0,0.0,0.0
721,1,2,6,1,7.23,1.04
722,0,15,6,0,0.0,0.0
723,1,2,1,1,5.08,1.09
724,0,23,6,0,0.0,0.0
725,1,23,9,0,0.0,0.0
726,1,7,6,0,0.0,0.0
727,0,22,4,1,8.04,0.0
728,1,10,1,0,0.0,0.0
729,0,1,1,0,0.0,0.0
730,1,19,3,0,0.0,0.0
731,0,25,2,1,6.16,0.0
732,1,22,8,1,8.83,1.3
733,0,24,2,0,0.0,0.0
734,0,28,9,0,0.0,0.0
735,1,30,10,1,11.76,1.58
736,0,3,4,0,0.0,0.0
737,0,11,10,1,12.92,0.0
738,1,25,2,1,5.33,1.26
739,0,9,3,0,0.0,0.0
740,1,18,9,0,0.0,0.0
741,0,6,6,1,8.47,0.0
742,0,16,4,0,0.0,0.0
743,0,19,10,0,0.0,0.0
744,0,15,1,0,0.0,0.0
745,0,28,0,0,0.0,0.0
746,0,9,1,1,4.16,0.0
747,1,28,5,0,0.0,0.0
748,1,21,4,0,0.0,0.0
749,1,3,7,0,0.0,0.0
750,1,4,2,0,0.0,0.0
751,0,5,4,0,0.0,0.0
752,0,27,8,0,0.0,0.0
753,0,10,10,0,0.0,0.0
754,0,7,7,1,8.59,0.0
755,0,18,2,0,0.0,0.0
756,1,4,7,1,9.66,1.26
757,0,18,1,1,6.53,0.0
758,0,21,7,1,8.56,0.0
759,0,15,7,0,0.0,0.0
760,1,23,10,0,0.0,0.0
761,0,20,10,1,10.56,0.0
762,1,21,3,0,0.0,0.0
763,1,28,8,0,0.0,0.0
764,0,10,8,1,11.11,0.0
765,0,26,2,0,0.0,0.0
766,0,10,7,1,8.22,0.0
767,0,5,4,1,6.69,0.0
768,0,10,8,0,0.0,0.0
769,0,7,4,0,0.0,0.0
770,0,29,4,0,0.0,0.0
771,1,14,3,0,0.0,0.0
772,1,20,4,1,6.18,1.24
773,0,3,1,0,0.0,0.0
774,0,29,7,0,0.0,0.0
775,0,10,7,0,0.0,0.0
776,0,20,2,1,4.75,0.0
777,0,25,1,0,0.0,0.0
778,1,26,5,0,0.0,0.0
779,0,22,3,0,0.0,0.0
780,0,13,3,0,0.0,0.0
781,0,24,2,0,0.0,0.0
782,1,20,3,1,5.3,1.28
783,0,16,4,0,0.0,0.0
784,1,29,2,0,0.0,0.0
785,0,2,10,1,11.37,0.0
786,1,13,9,1,10.39,1.24
787,1,12,3,1,7.6,1.76
788,0,19,2,0,0.0,0.0
789,0,10,3,1,6.16,0.0
790,0,20,6,0,0.0,0.0
791,0,5,10,0,0.0,0.0
792,0,30,7,1,8.78,0.0
793,0,9,9,0,0.0,0.0
794,1,8,4,1,6.01,1.74
795,1,9,8,0,0.0,0.0
796,0,17,10,0,0.0,0.0
797,0,14,1,0,0.0,0.0
798,0,29,6,0,0.0,0.0
799,1,11,9,0,0.0,0.0
800,0,20,4,0,0.0,0.0
